participante,perfil,modalidad,tarea,tiempo_segundos,resultado,errores,retrocesos,ayuda_solicitada,observaciones
P1,,,T1 Reservar una teleconsulta,,,,,,
P1,,,T2 Cambiar horario sin perder médico,,,,,,
P1,,,T3 Encontrar e identificar cita confirmada,,,,,,
P2,,,T1 Reservar una teleconsulta,,,,,,
P2,,,T2 Cambiar horario sin perder médico,,,,,,
P2,,,T3 Encontrar e identificar cita confirmada,,,,,,
P3,,,T1 Reservar una teleconsulta,,,,,,
P3,,,T2 Cambiar horario sin perder médico,,,,,,
P3,,,T3 Encontrar e identificar cita confirmada,,,,,,
P4,,,T1 Reservar una teleconsulta,,,,,,
P4,,,T2 Cambiar horario sin perder médico,,,,,,
P4,,,T3 Encontrar e identificar cita confirmada,,,,,,
P5,,,T1 Reservar una teleconsulta,,,,,,
P5,,,T2 Cambiar horario sin perder médico,,,,,,
P5,,,T3 Encontrar e identificar cita confirmada,,,,,,
